Participant Private ID,display,Response,corr,Spreadsheet: sound,cons,vowel,Spreadsheet: noise
10783267,Trials-Clean,k,1,KA_clean.mp3,k,a,clean
10783267,Trials-Clean,th,1,THI_clean.mp3,th,i,clean
10783267,Trials-Clean,t,1,TA_clean.mp3,t,a,clean
10783267,Trials-Clean,p,1,PI_clean_12.mp3,p,i,clean
10783267,Trials-Clean,h,1,HI_clean.mp3,h,i,clean
10783267,Trials-Clean,k,1,KU_clean.mp3,k,u,clean
10783267,Trials-Clean,th,1,THU_clean.mp3,th,u,clean
10783267,Trials-Clean,p,1,PU_clean_12.mp3,p,u,clean
10783267,Trials-Clean,h,1,HI_clean.mp3,h,i,clean
10783267,Trials-Clean,k,1,KA_clean.mp3,k,a,clean
10783267,Trials-Clean,k,1,KI_clean.mp3,k,i,clean
10783267,Trials-Clean,t,1,TU_clean.mp3,t,u,clean
10783267,Trials-Clean,t,1,TI_clean.mp3,t,i,clean
10783267,Trials-Clean,th,1,THU_clean.mp3,th,u,clean
10783267,Trials-Clean,h,1,HU_clean.mp3,h,u,clean
10783267,Trials-Clean,h,1,HU_clean.mp3,h,u,clean
10783267,Trials-Clean,k,1,KU_clean.mp3,k,u,clean
10783267,Trials-Clean,p,1,PU_clean_12.mp3,p,u,clean
10783267,Trials-Clean,th,0,TA_clean.mp3,t,a,clean
10783267,Trials-Clean,h,1,HU_clean.mp3,h,u,clean
10783267,Trials-Clean,t,1,TU_clean.mp3,t,u,clean
10783267,Trials-Clean,k,1,KI_clean.mp3,k,i,clean
10783267,Trials-Clean,p,1,PI_clean_12.mp3,p,i,clean
10783267,Trials-Clean,th,1,THA_clean.mp3,th,a,clean
10783267,Trials-Clean,h,1,HA_clean.mp3,h,a,clean
10783267,Trials-Clean,k,1,KU_clean.mp3,k,u,clean
10783267,Trials-Clean,th,1,THI_clean.mp3,th,i,clean
10783267,Trials-Clean,p,1,PA_clean_12.mp3,p,a,clean
10783267,Trials-Clean,th,1,THA_clean.mp3,th,a,clean
10783267,Trials-Clean,t,1,TU_clean.mp3,t,u,clean
10783267,Trials-Clean,h,1,HI_clean.mp3,h,i,clean
10783267,Trials-Clean,t,1,TI_clean.mp3,t,i,clean
10783267,Trials-Clean,k,1,KA_clean.mp3,k,a,clean
10783267,Trials-Clean,p,1,PA_clean_12.mp3,p,a,clean
10783267,Trials-Clean,th,1,THU_clean.mp3,th,u,clean
10783267,Trials-Clean,t,1,TI_clean.mp3,t,i,clean
10783267,Trials-Clean,k,1,KI_clean.mp3,k,i,clean
10783267,Trials-Clean,th,1,THI_clean.mp3,th,i,clean
10783267,Trials-Clean,h,1,HA_clean.mp3,h,a,clean
10783267,Trials-Clean,h,1,HA_clean.mp3,h,a,clean
10783267,Trials-Clean,p,1,PA_clean_12.mp3,p,a,clean
10783267,Trials-Clean,th,0,TA_clean.mp3,t,a,clean
10783267,Trials-Clean,p,1,PI_clean_12.mp3,p,i,clean
10783267,Trials-Clean,th,1,THA_clean.mp3,th,a,clean
10783267,Trials-Clean,p,1,PU_clean_12.mp3,p,u,clean
10783267,Trials-Noise,h,0,KU_SNR7.mp3,k,u,noise
10783267,Trials-Noise,th,1,THA_SNR7.mp3,th,a,noise
10783267,Trials-Noise,h,1,HU_SNR7.mp3,h,u,noise
10783267,Trials-Noise,h,0,PI_SNR7_12.mp3,p,i,noise
10783267,Trials-Noise,h,0,KI_SNR7.mp3,k,i,noise
10783267,Trials-Noise,th,1,THA_SNR7.mp3,th,a,noise
10783267,Trials-Noise,h,0,PU_SNR7_12.mp3,p,u,noise
10783267,Trials-Noise,k,1,KA_SNR7.mp3,k,a,noise
10783267,Trials-Noise,p,1,PA_SNR7_12.mp3,p,a,noise
10783267,Trials-Noise,k,0,PU_SNR7_12.mp3,p,u,noise
10783267,Trials-Noise,h,0,PU_SNR7_12.mp3,p,u,noise
10783267,Trials-Noise,h,0,THI_SNR7.mp3,th,i,noise
10783267,Trials-Noise,h,0,KU_SNR7.mp3,k,u,noise
10783267,Trials-Noise,h,1,HI_SNR7.mp3,h,i,noise
10783267,Trials-Noise,h,0,TU_SNR7.mp3,t,u,noise
10783267,Trials-Noise,h,1,HA_SNR7.mp3,h,a,noise
10783267,Trials-Noise,h,0,TI_SNR7.mp3,t,i,noise
10783267,Trials-Noise,h,0,PI_SNR7_12.mp3,p,i,noise
10783267,Trials-Noise,h,1,HU_SNR7.mp3,h,u,noise
10783267,Trials-Noise,th,1,THU_SNR7.mp3,th,u,noise
10783267,Trials-Noise,th,1,THA_SNR7.mp3,th,a,noise
10783267,Trials-Noise,p,1,PA_SNR7_12.mp3,p,a,noise
10783267,Trials-Noise,h,0,KI_SNR7.mp3,k,i,noise
10783267,Trials-Noise,k,1,KA_SNR7.mp3,k,a,noise
10783267,Trials-Noise,h,0,TI_SNR7.mp3,t,i,noise
10783267,Trials-Noise,h,1,HU_SNR7.mp3,h,u,noise
10783267,Trials-Noise,p,1,PA_SNR7_12.mp3,p,a,noise
10783267,Trials-Noise,h,0,TU_SNR7.mp3,t,u,noise
10783267,Trials-Noise,h,0,TI_SNR7.mp3,t,i,noise
10783267,Trials-Noise,t,1,TA_SNR7.mp3,t,a,noise
10783267,Trials-Noise,h,0,PI_SNR7_12.mp3,p,i,noise
10783267,Trials-Noise,h,1,HI_SNR7.mp3,h,i,noise
10783267,Trials-Noise,h,0,KU_SNR7.mp3,k,u,noise
10783267,Trials-Noise,h,0,THI_SNR7.mp3,th,i,noise
10783267,Trials-Noise,t,1,TA_SNR7.mp3,t,a,noise
10783267,Trials-Noise,h,0,THI_SNR7.mp3,th,i,noise
10783267,Trials-Noise,h,0,TU_SNR7.mp3,t,u,noise
10783267,Trials-Noise,h,0,THU_SNR7.mp3,th,u,noise
10783267,Trials-Noise,h,1,HA_SNR7.mp3,h,a,noise
10783267,Trials-Noise,k,1,KA_SNR7.mp3,k,a,noise
10783267,Trials-Noise,h,0,KI_SNR7.mp3,k,i,noise
10783267,Trials-Noise,h,1,HI_SNR7.mp3,h,i,noise
10783267,Trials-Noise,t,1,TA_SNR7.mp3,t,a,noise
10783267,Trials-Noise,th,1,THU_SNR7.mp3,th,u,noise
10783267,Trials-Noise,h,1,HA_SNR7.mp3,h,a,noise
10792572,Trials-Clean,p,1,PA_clean_12.mp3,p,a,clean
10792572,Trials-Clean,h,1,HA_clean.mp3,h,a,clean
10792572,Trials-Clean,t,1,TI_clean.mp3,t,i,clean
10792572,Trials-Clean,th,1,THA_clean.mp3,th,a,clean
10792572,Trials-Clean,th,0,TA_clean.mp3,t,a,clean
10792572,Trials-Clean,th,1,THU_clean.mp3,th,u,clean
10792572,Trials-Clean,p,1,PI_clean_12.mp3,p,i,clean
10792572,Trials-Clean,t,1,TU_clean.mp3,t,u,clean
10792572,Trials-Clean,h,1,HI_clean.mp3,h,i,clean
10792572,Trials-Clean,h,1,HI_clean.mp3,h,i,clean
10792572,Trials-Clean,k,1,KI_clean.mp3,k,i,clean
10792572,Trials-Clean,k,1,KA_clean.mp3,k,a,clean
10792572,Trials-Clean,k,1,KU_clean.mp3,k,u,clean
10792572,Trials-Clean,th,1,THI_clean.mp3,th,i,clean
10792572,Trials-Clean,k,1,KU_clean.mp3,k,u,clean
10792572,Trials-Clean,th,1,THU_clean.mp3,th,u,clean
10792572,Trials-Clean,h,1,HA_clean.mp3,h,a,clean
10792572,Trials-Clean,k,1,KI_clean.mp3,k,i,clean
10792572,Trials-Clean,h,1,HU_clean.mp3,h,u,clean
10792572,Trials-Clean,p,1,PU_clean_12.mp3,p,u,clean
10792572,Trials-Clean,th,0,TA_clean.mp3,t,a,clean
10792572,Trials-Clean,t,1,TU_clean.mp3,t,u,clean
10792572,Trials-Clean,k,1,KI_clean.mp3,k,i,clean
10792572,Trials-Clean,p,1,PA_clean_12.mp3,p,a,clean
10792572,Trials-Clean,th,1,THA_clean.mp3,th,a,clean
10792572,Trials-Clean,t,1,TI_clean.mp3,t,i,clean
10792572,Trials-Clean,t,1,TU_clean.mp3,t,u,clean
10792572,Trials-Clean,th,1,THA_clean.mp3,th,a,clean
10792572,Trials-Clean,th,1,THI_clean.mp3,th,i,clean
10792572,Trials-Clean,h,1,HA_clean.mp3,h,a,clean
10792572,Trials-Clean,p,1,PI_clean_12.mp3,p,i,clean
10792572,Trials-Clean,h,1,HU_clean.mp3,h,u,clean
10792572,Trials-Clean,k,1,KU_clean.mp3,k,u,clean
10792572,Trials-Clean,p,1,PA_clean_12.mp3,p,a,clean
10792572,Trials-Clean,th,1,THU_clean.mp3,th,u,clean
10792572,Trials-Clean,k,1,KA_clean.mp3,k,a,clean
10792572,Trials-Clean,p,1,PI_clean_12.mp3,p,i,clean
10792572,Trials-Clean,h,1,HI_clean.mp3,h,i,clean
10792572,Trials-Clean,th,0,TA_clean.mp3,t,a,clean
10792572,Trials-Clean,th,1,THI_clean.mp3,th,i,clean
10792572,Trials-Clean,t,1,TI_clean.mp3,t,i,clean
10792572,Trials-Clean,k,1,KA_clean.mp3,k,a,clean
10792572,Trials-Clean,p,1,PU_clean_12.mp3,p,u,clean
10792572,Trials-Clean,p,1,PU_clean_12.mp3,p,u,clean
10792572,Trials-Clean,h,1,HU_clean.mp3,h,u,clean
10792572,Trials-Noise,h,0,THU_SNR7.mp3,th,u,noise
10792572,Trials-Noise,th,1,THA_SNR7.mp3,th,a,noise
10792572,Trials-Noise,h,0,KU_SNR7.mp3,k,u,noise
10792572,Trials-Noise,h,1,HI_SNR7.mp3,h,i,noise
10792572,Trials-Noise,p,1,PI_SNR7_12.mp3,p,i,noise
10792572,Trials-Noise,p,1,PA_SNR7_12.mp3,p,a,noise
10792572,Trials-Noise,k,1,KA_SNR7.mp3,k,a,noise
10792572,Trials-Noise,h,1,HU_SNR7.mp3,h,u,noise
10792572,Trials-Noise,h,0,KU_SNR7.mp3,k,u,noise
10792572,Trials-Noise,p,1,PI_SNR7_12.mp3,p,i,noise
10792572,Trials-Noise,th,1,THU_SNR7.mp3,th,u,noise
10792572,Trials-Noise,p,1,PI_SNR7_12.mp3,p,i,noise
10792572,Trials-Noise,t,1,TI_SNR7.mp3,t,i,noise
10792572,Trials-Noise,h,1,HI_SNR7.mp3,h,i,noise
10792572,Trials-Noise,t,1,TU_SNR7.mp3,t,u,noise
10792572,Trials-Noise,h,0,KU_SNR7.mp3,k,u,noise
10792572,Trials-Noise,k,1,KI_SNR7.mp3,k,i,noise
10792572,Trials-Noise,k,1,KA_SNR7.mp3,k,a,noise
10792572,Trials-Noise,h,1,HA_SNR7.mp3,h,a,noise
10792572,Trials-Noise,k,1,KI_SNR7.mp3,k,i,noise
10792572,Trials-Noise,h,1,HA_SNR7.mp3,h,a,noise
10792572,Trials-Noise,t,1,TA_SNR7.mp3,t,a,noise
10792572,Trials-Noise,t,1,TA_SNR7.mp3,t,a,noise
10792572,Trials-Noise,th,1,THA_SNR7.mp3,th,a,noise
10792572,Trials-Noise,th,1,THI_SNR7.mp3,th,i,noise
10792572,Trials-Noise,t,1,TU_SNR7.mp3,t,u,noise
10792572,Trials-Noise,th,1,THI_SNR7.mp3,th,i,noise
10792572,Trials-Noise,h,1,HA_SNR7.mp3,h,a,noise
10792572,Trials-Noise,th,1,THI_SNR7.mp3,th,i,noise
10792572,Trials-Noise,th,1,THA_SNR7.mp3,th,a,noise
10792572,Trials-Noise,h,1,HU_SNR7.mp3,h,u,noise
10792572,Trials-Noise,p,1,PA_SNR7_12.mp3,p,a,noise
10792572,Trials-Noise,th,1,THU_SNR7.mp3,th,u,noise
10792572,Trials-Noise,h,0,PU_SNR7_12.mp3,p,u,noise
10792572,Trials-Noise,t,1,TU_SNR7.mp3,t,u,noise
10792572,Trials-Noise,k,1,KA_SNR7.mp3,k,a,noise
10792572,Trials-Noise,p,1,PA_SNR7_12.mp3,p,a,noise
10792572,Trials-Noise,h,0,PU_SNR7_12.mp3,p,u,noise
10792572,Trials-Noise,t,1,TI_SNR7.mp3,t,i,noise
10792572,Trials-Noise,t,1,TA_SNR7.mp3,t,a,noise
10792572,Trials-Noise,h,1,HI_SNR7.mp3,h,i,noise
10792572,Trials-Noise,h,1,HU_SNR7.mp3,h,u,noise
10792572,Trials-Noise,t,1,TI_SNR7.mp3,t,i,noise
10792572,Trials-Noise,k,1,KI_SNR7.mp3,k,i,noise
10792572,Trials-Noise,h,0,PU_SNR7_12.mp3,p,u,noise
10794991,Trials-Clean,k,1,KU_clean.mp3,k,u,clean
10794991,Trials-Clean,h,1,HI_clean.mp3,h,i,clean
10794991,Trials-Clean,h,1,HI_clean.mp3,h,i,clean
10794991,Trials-Clean,th,0,TA_clean.mp3,t,a,clean
10794991,Trials-Clean,t,1,TU_clean.mp3,t,u,clean
10794991,Trials-Clean,t,1,TU_clean.mp3,t,u,clean
10794991,Trials-Clean,k,1,KI_clean.mp3,k,i,clean
10794991,Trials-Clean,h,1,HU_clean.mp3,h,u,clean
10794991,Trials-Clean,th,0,PU_clean_12.mp3,p,u,clean
10794991,Trials-Clean,t,1,TU_clean.mp3,t,u,clean
10794991,Trials-Clean,k,1,KA_clean.mp3,k,a,clean
10794991,Trials-Clean,th,1,THI_clean.mp3,th,i,clean
10794991,Trials-Clean,th,1,THU_clean.mp3,th,u,clean
10794991,Trials-Clean,th,1,THU_clean.mp3,th,u,clean
10794991,Trials-Clean,th,1,THI_clean.mp3,th,i,clean
10794991,Trials-Clean,p,1,PI_clean_12.mp3,p,i,clean
10794991,Trials-Clean,p,1,PA_clean_12.mp3,p,a,clean
10794991,Trials-Clean,p,1,PA_clean_12.mp3,p,a,clean
10794991,Trials-Clean,k,1,KA_clean.mp3,k,a,clean
10794991,Trials-Clean,k,1,KU_clean.mp3,k,u,clean
10794991,Trials-Clean,th,1,THI_clean.mp3,th,i,clean
10794991,Trials-Clean,th,0,TA_clean.mp3,t,a,clean
10794991,Trials-Clean,h,1,HI_clean.mp3,h,i,clean
10794991,Trials-Clean,p,1,PU_clean_12.mp3,p,u,clean
10794991,Trials-Clean,p,1,PI_clean_12.mp3,p,i,clean
10794991,Trials-Clean,p,1,PI_clean_12.mp3,p,i,clean
10794991,Trials-Clean,th,1,THA_clean.mp3,th,a,clean
10794991,Trials-Clean,th,0,TI_clean.mp3,t,i,clean
10794991,Trials-Clean,k,1,KI_clean.mp3,k,i,clean
10794991,Trials-Clean,h,1,HU_clean.mp3,h,u,clean
10794991,Trials-Clean,h,1,HA_clean.mp3,h,a,clean
10794991,Trials-Clean,t,1,TI_clean.mp3,t,i,clean
10794991,Trials-Clean,th,1,THA_clean.mp3,th,a,clean
10794991,Trials-Clean,p,1,PA_clean_12.mp3,p,a,clean
10794991,Trials-Clean,h,1,HU_clean.mp3,h,u,clean
10794991,Trials-Clean,h,1,HA_clean.mp3,h,a,clean
10794991,Trials-Clean,t,1,TI_clean.mp3,t,i,clean
10794991,Trials-Clean,k,1,KU_clean.mp3,k,u,clean
10794991,Trials-Clean,th,1,THA_clean.mp3,th,a,clean
10794991,Trials-Clean,h,1,HA_clean.mp3,h,a,clean
10794991,Trials-Clean,k,1,KI_clean.mp3,k,i,clean
10794991,Trials-Clean,k,1,KA_clean.mp3,k,a,clean
10794991,Trials-Clean,th,1,THU_clean.mp3,th,u,clean
10794991,Trials-Clean,p,1,PU_clean_12.mp3,p,u,clean
10794991,Trials-Clean,th,0,TA_clean.mp3,t,a,clean
10794991,Trials-Noise,p,1,PU_SNR7_12.mp3,p,u,noise
10794991,Trials-Noise,k,1,KI_SNR7.mp3,k,i,noise
10794991,Trials-Noise,th,1,THU_SNR7.mp3,th,u,noise
10794991,Trials-Noise,th,0,TA_SNR7.mp3,t,a,noise
10794991,Trials-Noise,h,1,HA_SNR7.mp3,h,a,noise
10794991,Trials-Noise,k,1,KA_SNR7.mp3,k,a,noise
10794991,Trials-Noise,th,1,THU_SNR7.mp3,th,u,noise
10794991,Trials-Noise,th,0,HI_SNR7.mp3,h,i,noise
10794991,Trials-Noise,th,1,THI_SNR7.mp3,th,i,noise
10794991,Trials-Noise,th,1,THA_SNR7.mp3,th,a,noise
10794991,Trials-Noise,th,1,THA_SNR7.mp3,th,a,noise
10794991,Trials-Noise,p,0,HU_SNR7.mp3,h,u,noise
10794991,Trials-Noise,k,1,KA_SNR7.mp3,k,a,noise
10794991,Trials-Noise,th,0,KU_SNR7.mp3,k,u,noise
10794991,Trials-Noise,k,1,KI_SNR7.mp3,k,i,noise
10794991,Trials-Noise,t,1,TI_SNR7.mp3,t,i,noise
10794991,Trials-Noise,th,1,THU_SNR7.mp3,th,u,noise
10794991,Trials-Noise,th,1,THI_SNR7.mp3,th,i,noise
10794991,Trials-Noise,th,0,TA_SNR7.mp3,t,a,noise
10794991,Trials-Noise,th,0,KU_SNR7.mp3,k,u,noise
10794991,Trials-Noise,th,1,THI_SNR7.mp3,th,i,noise
10794991,Trials-Noise,p,1,PA_SNR7_12.mp3,p,a,noise
10794991,Trials-Noise,p,1,PA_SNR7_12.mp3,p,a,noise
10794991,Trials-Noise,p,1,PI_SNR7_12.mp3,p,i,noise
10794991,Trials-Noise,th,0,PU_SNR7_12.mp3,p,u,noise
10794991,Trials-Noise,th,1,THA_SNR7.mp3,th,a,noise
10794991,Trials-Noise,p,0,HI_SNR7.mp3,h,i,noise
10794991,Trials-Noise,h,1,HA_SNR7.mp3,h,a,noise
10794991,Trials-Noise,k,1,KI_SNR7.mp3,k,i,noise
10794991,Trials-Noise,th,0,HU_SNR7.mp3,h,u,noise
10794991,Trials-Noise,th,0,PU_SNR7_12.mp3,p,u,noise
10794991,Trials-Noise,th,0,HU_SNR7.mp3,h,u,noise
10794991,Trials-Noise,p,1,PI_SNR7_12.mp3,p,i,noise
10794991,Trials-Noise,t,1,TU_SNR7.mp3,t,u,noise
10794991,Trials-Noise,p,1,PI_SNR7_12.mp3,p,i,noise
10794991,Trials-Noise,h,1,HA_SNR7.mp3,h,a,noise
10794991,Trials-Noise,th,0,TA_SNR7.mp3,t,a,noise
10794991,Trials-Noise,th,0,TI_SNR7.mp3,t,i,noise
10794991,Trials-Noise,th,0,HI_SNR7.mp3,h,i,noise
10794991,Trials-Noise,th,0,KU_SNR7.mp3,k,u,noise
10794991,Trials-Noise,t,1,TU_SNR7.mp3,t,u,noise
10794991,Trials-Noise,th,0,TI_SNR7.mp3,t,i,noise
10794991,Trials-Noise,t,1,TU_SNR7.mp3,t,u,noise
10794991,Trials-Noise,th,0,PA_SNR7_12.mp3,p,a,noise
10794991,Trials-Noise,k,1,KA_SNR7.mp3,k,a,noise
10809079,Trials-Clean,k,1,KU_clean.mp3,k,u,clean
10809079,Trials-Clean,k,1,KI_clean.mp3,k,i,clean
10809079,Trials-Clean,h,1,HU_clean.mp3,h,u,clean
10809079,Trials-Clean,th,1,THU_clean.mp3,th,u,clean
10809079,Trials-Clean,p,1,PI_clean.mp3,p,i,clean
10809079,Trials-Clean,h,1,HA_clean.mp3,h,a,clean
10809079,Trials-Clean,th,1,THI_clean.mp3,th,i,clean
10809079,Trials-Clean,p,1,PU_clean.mp3,p,u,clean
10809079,Trials-Clean,k,1,KA_clean.mp3,k,a,clean
10809079,Trials-Clean,h,1,HA_clean.mp3,h,a,clean
10809079,Trials-Clean,k,1,KI_clean.mp3,k,i,clean
10809079,Trials-Clean,h,1,HU_clean.mp3,h,u,clean
10809079,Trials-Clean,h,1,HI_clean.mp3,h,i,clean
10809079,Trials-Clean,k,1,KA_clean.mp3,k,a,clean
10809079,Trials-Clean,h,1,HI_clean.mp3,h,i,clean
10809079,Trials-Clean,h,1,HI_clean.mp3,h,i,clean
10809079,Trials-Clean,t,1,TA_clean.mp3,t,a,clean
10809079,Trials-Clean,p,1,PI_clean.mp3,p,i,clean
10809079,Trials-Clean,t,1,TI_clean.mp3,t,i,clean
10809079,Trials-Clean,th,1,THA_clean.mp3,th,a,clean
10809079,Trials-Clean,t,1,TI_clean.mp3,t,i,clean
10809079,Trials-Clean,th,0,TA_clean.mp3,t,a,clean
10809079,Trials-Clean,t,1,TU_clean.mp3,t,u,clean
10809079,Trials-Clean,th,1,THU_clean.mp3,th,u,clean
10809079,Trials-Clean,th,1,THU_clean.mp3,th,u,clean
10809079,Trials-Clean,t,1,TU_clean.mp3,t,u,clean
10809079,Trials-Clean,p,1,PA_clean.mp3,p,a,clean
10809079,Trials-Clean,h,1,HA_clean.mp3,h,a,clean
10809079,Trials-Clean,th,1,THA_clean.mp3,th,a,clean
10809079,Trials-Clean,p,1,PU_clean.mp3,p,u,clean
10809079,Trials-Clean,th,1,THI_clean.mp3,th,i,clean
10809079,Trials-Clean,p,1,PU_clean.mp3,p,u,clean
10809079,Trials-Clean,k,1,KU_clean.mp3,k,u,clean
10809079,Trials-Clean,th,1,THI_clean.mp3,th,i,clean
10809079,Trials-Clean,t,1,TI_clean.mp3,t,i,clean
10809079,Trials-Clean,k,1,KI_clean.mp3,k,i,clean
10809079,Trials-Clean,p,1,PI_clean.mp3,p,i,clean
10809079,Trials-Clean,th,1,THA_clean.mp3,th,a,clean
10809079,Trials-Clean,p,1,PA_clean.mp3,p,a,clean
10809079,Trials-Clean,p,1,PA_clean.mp3,p,a,clean
10809079,Trials-Clean,k,1,KA_clean.mp3,k,a,clean
10809079,Trials-Clean,t,1,TU_clean.mp3,t,u,clean
10809079,Trials-Clean,t,1,TA_clean.mp3,t,a,clean
10809079,Trials-Clean,k,1,KU_clean.mp3,k,u,clean
10809079,Trials-Clean,h,1,HU_clean.mp3,h,u,clean
10809079,Trials-Noise,t,1,TU_SNR7.mp3,t,u,noise
10809079,Trials-Noise,p,0,HA_SNR7.mp3,h,a,noise
10809079,Trials-Noise,h,0,PU_SNR7.mp3,p,u,noise
10809079,Trials-Noise,th,1,THA_SNR7.mp3,th,a,noise
10809079,Trials-Noise,t,1,TI_SNR7.mp3,t,i,noise
10809079,Trials-Noise,th,0,PA_SNR7.mp3,p,a,noise
10809079,Trials-Noise,th,1,THI_SNR7.mp3,th,i,noise
10809079,Trials-Noise,h,0,PU_SNR7.mp3,p,u,noise
10809079,Trials-Noise,p,0,HA_SNR7.mp3,h,a,noise
10809079,Trials-Noise,k,1,KI_SNR7.mp3,k,i,noise
10809079,Trials-Noise,p,1,PI_SNR7.mp3,p,i,noise
10809079,Trials-Noise,k,1,KA_SNR7.mp3,k,a,noise
10809079,Trials-Noise,t,1,TA_SNR7.mp3,t,a,noise
10809079,Trials-Noise,t,1,TU_SNR7.mp3,t,u,noise
10809079,Trials-Noise,p,1,PI_SNR7.mp3,p,i,noise
10809079,Trials-Noise,k,1,KI_SNR7.mp3,k,i,noise
10809079,Trials-Noise,p,0,KU_SNR7.mp3,k,u,noise
10809079,Trials-Noise,k,1,KA_SNR7.mp3,k,a,noise
10809079,Trials-Noise,t,1,TI_SNR7.mp3,t,i,noise
10809079,Trials-Noise,th,1,THA_SNR7.mp3,th,a,noise
10809079,Trials-Noise,k,0,HI_SNR7.mp3,h,i,noise
10809079,Trials-Noise,h,0,PU_SNR7.mp3,p,u,noise
10809079,Trials-Noise,th,1,THI_SNR7.mp3,th,i,noise
10809079,Trials-Noise,h,0,KU_SNR7.mp3,k,u,noise
10809079,Trials-Noise,t,1,TA_SNR7.mp3,t,a,noise
10809079,Trials-Noise,h,1,HU_SNR7.mp3,h,u,noise
10809079,Trials-Noise,t,1,TI_SNR7.mp3,t,i,noise
10809079,Trials-Noise,th,1,THU_SNR7.mp3,th,u,noise
10809079,Trials-Noise,h,0,KU_SNR7.mp3,k,u,noise
10809079,Trials-Noise,h,1,HU_SNR7.mp3,h,u,noise
10809079,Trials-Noise,th,0,PA_SNR7.mp3,p,a,noise
10809079,Trials-Noise,t,1,TA_SNR7.mp3,t,a,noise
10809079,Trials-Noise,h,1,HU_SNR7.mp3,h,u,noise
10809079,Trials-Noise,t,1,TU_SNR7.mp3,t,u,noise
10809079,Trials-Noise,th,1,THA_SNR7.mp3,th,a,noise
10809079,Trials-Noise,th,1,THU_SNR7.mp3,th,u,noise
10809079,Trials-Noise,t,0,HI_SNR7.mp3,h,i,noise
10809079,Trials-Noise,k,1,KI_SNR7.mp3,k,i,noise
10809079,Trials-Noise,t,0,HI_SNR7.mp3,h,i,noise
10809079,Trials-Noise,h,0,PA_SNR7.mp3,p,a,noise
10809079,Trials-Noise,h,1,HA_SNR7.mp3,h,a,noise
10809079,Trials-Noise,k,1,KA_SNR7.mp3,k,a,noise
10809079,Trials-Noise,th,1,THU_SNR7.mp3,th,u,noise
10809079,Trials-Noise,th,1,THI_SNR7.mp3,th,i,noise
10809079,Trials-Noise,t,0,PI_SNR7.mp3,p,i,noise
10829734,Trials-Clean,h,1,HA_clean.mp3,h,a,clean
10829734,Trials-Clean,th,1,THI_clean.mp3,th,i,clean
10829734,Trials-Clean,k,1,KA_clean.mp3,k,a,clean
10829734,Trials-Clean,th,1,THA_clean.mp3,th,a,clean
10829734,Trials-Clean,p,1,PU_clean_12.mp3,p,u,clean
10829734,Trials-Clean,k,1,KU_clean.mp3,k,u,clean
10829734,Trials-Clean,h,1,HU_clean.mp3,h,u,clean
10829734,Trials-Clean,p,1,PA_clean_12.mp3,p,a,clean
10829734,Trials-Clean,t,1,TU_clean.mp3,t,u,clean
10829734,Trials-Clean,h,1,HI_clean.mp3,h,i,clean
10829734,Trials-Clean,th,1,THA_clean.mp3,th,a,clean
10829734,Trials-Clean,k,1,KI_clean.mp3,k,i,clean
10829734,Trials-Clean,h,1,HI_clean.mp3,h,i,clean
10829734,Trials-Clean,h,1,HU_clean.mp3,h,u,clean
10829734,Trials-Clean,p,1,PI_clean_12.mp3,p,i,clean
10829734,Trials-Clean,h,1,HA_clean.mp3,h,a,clean
10829734,Trials-Clean,k,1,KI_clean.mp3,k,i,clean
10829734,Trials-Clean,k,1,KA_clean.mp3,k,a,clean
10829734,Trials-Clean,th,1,THU_clean.mp3,th,u,clean
10829734,Trials-Clean,t,1,TI_clean.mp3,t,i,clean
10829734,Trials-Clean,t,1,TA_clean.mp3,t,a,clean
10829734,Trials-Clean,t,1,TI_clean.mp3,t,i,clean
10829734,Trials-Clean,h,1,HI_clean.mp3,h,i,clean
10829734,Trials-Clean,k,1,KA_clean.mp3,k,a,clean
10829734,Trials-Clean,th,1,THI_clean.mp3,th,i,clean
10829734,Trials-Clean,th,1,THA_clean.mp3,th,a,clean
10829734,Trials-Clean,h,1,HU_clean.mp3,h,u,clean
10829734,Trials-Clean,th,1,THU_clean.mp3,th,u,clean
10829734,Trials-Clean,p,1,PA_clean_12.mp3,p,a,clean
10829734,Trials-Clean,t,1,TU_clean.mp3,t,u,clean
10829734,Trials-Clean,k,1,KU_clean.mp3,k,u,clean
10829734,Trials-Clean,th,1,THU_clean.mp3,th,u,clean
10829734,Trials-Clean,t,1,TA_clean.mp3,t,a,clean
10829734,Trials-Clean,h,1,HA_clean.mp3,h,a,clean
10829734,Trials-Clean,t,1,TU_clean.mp3,t,u,clean
10829734,Trials-Clean,p,1,PU_clean_12.mp3,p,u,clean
10829734,Trials-Clean,t,1,TA_clean.mp3,t,a,clean
10829734,Trials-Clean,t,1,TI_clean.mp3,t,i,clean
10829734,Trials-Clean,p,1,PI_clean_12.mp3,p,i,clean
10829734,Trials-Clean,th,1,THI_clean.mp3,th,i,clean
10829734,Trials-Clean,k,1,KI_clean.mp3,k,i,clean
10829734,Trials-Clean,p,1,PU_clean_12.mp3,p,u,clean
10829734,Trials-Clean,k,1,KU_clean.mp3,k,u,clean
10829734,Trials-Clean,p,1,PI_clean_12.mp3,p,i,clean
10829734,Trials-Clean,p,1,PA_clean_12.mp3,p,a,clean
10829734,Trials-Noise,h,0,PI_SNR7_12.mp3,p,i,noise
10829734,Trials-Noise,p,1,PA_SNR7_12.mp3,p,a,noise
10829734,Trials-Noise,t,1,TU_SNR7.mp3,t,u,noise
10829734,Trials-Noise,p,1,PI_SNR7_12.mp3,p,i,noise
10829734,Trials-Noise,k,1,KA_SNR7.mp3,k,a,noise
10829734,Trials-Noise,h,1,HA_SNR7.mp3,h,a,noise
10829734,Trials-Noise,t,1,TI_SNR7.mp3,t,i,noise
10829734,Trials-Noise,k,1,KU_SNR7.mp3,k,u,noise
10829734,Trials-Noise,p,1,PI_SNR7_12.mp3,p,i,noise
10829734,Trials-Noise,th,0,KU_SNR7.mp3,k,u,noise
10829734,Trials-Noise,k,0,PU_SNR7_12.mp3,p,u,noise
10829734,Trials-Noise,t,0,HU_SNR7.mp3,h,u,noise
10829734,Trials-Noise,p,0,HI_SNR7.mp3,h,i,noise
10829734,Trials-Noise,t,1,TA_SNR7.mp3,t,a,noise
10829734,Trials-Noise,h,1,HA_SNR7.mp3,h,a,noise
10829734,Trials-Noise,th,1,THU_SNR7.mp3,th,u,noise
10829734,Trials-Noise,k,1,KA_SNR7.mp3,k,a,noise
10829734,Trials-Noise,k,1,KI_SNR7.mp3,k,i,noise
10829734,Trials-Noise,h,1,HA_SNR7.mp3,h,a,noise
10829734,Trials-Noise,p,0,HI_SNR7.mp3,h,i,noise
10829734,Trials-Noise,th,1,THI_SNR7.mp3,th,i,noise
10829734,Trials-Noise,th,0,TA_SNR7.mp3,t,a,noise
10829734,Trials-Noise,k,1,KA_SNR7.mp3,k,a,noise
10829734,Trials-Noise,t,1,TU_SNR7.mp3,t,u,noise
10829734,Trials-Noise,k,0,HU_SNR7.mp3,h,u,noise
10829734,Trials-Noise,k,1,KI_SNR7.mp3,k,i,noise
10829734,Trials-Noise,h,1,HI_SNR7.mp3,h,i,noise
10829734,Trials-Noise,th,1,THU_SNR7.mp3,th,u,noise
10829734,Trials-Noise,p,1,PA_SNR7_12.mp3,p,a,noise
10829734,Trials-Noise,t,1,TU_SNR7.mp3,t,u,noise
10829734,Trials-Noise,th,0,KU_SNR7.mp3,k,u,noise
10829734,Trials-Noise,t,0,HU_SNR7.mp3,h,u,noise
10829734,Trials-Noise,th,1,THU_SNR7.mp3,th,u,noise
10829734,Trials-Noise,th,0,PU_SNR7_12.mp3,p,u,noise
10829734,Trials-Noise,th,0,PU_SNR7_12.mp3,p,u,noise
10829734,Trials-Noise,t,1,TI_SNR7.mp3,t,i,noise
10829734,Trials-Noise,t,1,TI_SNR7.mp3,t,i,noise
10829734,Trials-Noise,th,1,THA_SNR7.mp3,th,a,noise
10829734,Trials-Noise,th,1,THA_SNR7.mp3,th,a,noise
10829734,Trials-Noise,th,1,THA_SNR7.mp3,th,a,noise
10829734,Trials-Noise,th,1,THI_SNR7.mp3,th,i,noise
10829734,Trials-Noise,t,1,TA_SNR7.mp3,t,a,noise
10829734,Trials-Noise,th,1,THI_SNR7.mp3,th,i,noise
10829734,Trials-Noise,p,1,PA_SNR7_12.mp3,p,a,noise
10829734,Trials-Noise,k,1,KI_SNR7.mp3,k,i,noise
10870407,Trials-Clean,th,0,TI_clean.mp3,t,i,clean
10870407,Trials-Clean,th,0,PU_clean_12.mp3,p,u,clean
10870407,Trials-Clean,th,1,THA_clean.mp3,th,a,clean
10870407,Trials-Clean,h,1,HU_clean.mp3,h,u,clean
10870407,Trials-Clean,th,1,THA_clean.mp3,th,a,clean
10870407,Trials-Clean,k,1,KI_clean.mp3,k,i,clean
10870407,Trials-Clean,p,1,PI_clean_12.mp3,p,i,clean
10870407,Trials-Clean,th,1,THI_clean.mp3,th,i,clean
10870407,Trials-Clean,k,1,KA_clean.mp3,k,a,clean
10870407,Trials-Clean,h,1,HI_clean.mp3,h,i,clean
10870407,Trials-Clean,h,1,HU_clean.mp3,h,u,clean
10870407,Trials-Clean,p,1,PA_clean_12.mp3,p,a,clean
10870407,Trials-Clean,th,0,TA_clean.mp3,t,a,clean
10870407,Trials-Clean,h,1,HA_clean.mp3,h,a,clean
10870407,Trials-Clean,th,0,TA_clean.mp3,t,a,clean
10870407,Trials-Clean,th,0,TA_clean.mp3,t,a,clean
10870407,Trials-Clean,th,1,THI_clean.mp3,th,i,clean
10870407,Trials-Clean,k,1,KU_clean.mp3,k,u,clean
10870407,Trials-Clean,k,1,KU_clean.mp3,k,u,clean
10870407,Trials-Clean,h,1,HA_clean.mp3,h,a,clean
10870407,Trials-Clean,th,1,THU_clean.mp3,th,u,clean
10870407,Trials-Clean,k,1,KA_clean.mp3,k,a,clean
10870407,Trials-Clean,th,0,PU_clean_12.mp3,p,u,clean
10870407,Trials-Clean,h,1,HI_clean.mp3,h,i,clean
10870407,Trials-Clean,p,1,PI_clean_12.mp3,p,i,clean
10870407,Trials-Clean,th,0,TU_clean.mp3,t,u,clean
10870407,Trials-Clean,k,1,KA_clean.mp3,k,a,clean
10870407,Trials-Clean,k,1,KI_clean.mp3,k,i,clean
10870407,Trials-Clean,p,1,PA_clean_12.mp3,p,a,clean
10870407,Trials-Clean,h,1,HA_clean.mp3,h,a,clean
10870407,Trials-Clean,k,1,KI_clean.mp3,k,i,clean
10870407,Trials-Clean,k,1,KU_clean.mp3,k,u,clean
10870407,Trials-Clean,th,1,THI_clean.mp3,th,i,clean
10870407,Trials-Clean,t,1,TI_clean.mp3,t,i,clean
10870407,Trials-Clean,p,1,PI_clean_12.mp3,p,i,clean
10870407,Trials-Clean,th,1,THU_clean.mp3,th,u,clean
10870407,Trials-Clean,t,1,TU_clean.mp3,t,u,clean
10870407,Trials-Clean,th,1,THA_clean.mp3,th,a,clean
10870407,Trials-Clean,t,1,TU_clean.mp3,t,u,clean
10870407,Trials-Clean,t,1,TI_clean.mp3,t,i,clean
10870407,Trials-Clean,th,0,PU_clean_12.mp3,p,u,clean
10870407,Trials-Clean,p,1,PA_clean_12.mp3,p,a,clean
10870407,Trials-Clean,th,1,THU_clean.mp3,th,u,clean
10870407,Trials-Clean,h,1,HI_clean.mp3,h,i,clean
10870407,Trials-Clean,h,1,HU_clean.mp3,h,u,clean
10870407,Trials-Noise,k,0,HU_SNR7.mp3,h,u,noise
10870407,Trials-Noise,p,1,PI_SNR7_12.mp3,p,i,noise
10870407,Trials-Noise,p,1,PA_SNR7_12.mp3,p,a,noise
10870407,Trials-Noise,h,1,HU_SNR7.mp3,h,u,noise
10870407,Trials-Noise,t,1,TU_SNR7.mp3,t,u,noise
10870407,Trials-Noise,th,0,TA_SNR7.mp3,t,a,noise
10870407,Trials-Noise,k,0,PU_SNR7_12.mp3,p,u,noise
10870407,Trials-Noise,h,1,HU_SNR7.mp3,h,u,noise
10870407,Trials-Noise,t,1,TU_SNR7.mp3,t,u,noise
10870407,Trials-Noise,p,1,PI_SNR7_12.mp3,p,i,noise
10870407,Trials-Noise,h,0,KU_SNR7.mp3,k,u,noise
10870407,Trials-Noise,p,1,PI_SNR7_12.mp3,p,i,noise
10870407,Trials-Noise,k,1,KA_SNR7.mp3,k,a,noise
10870407,Trials-Noise,k,1,KA_SNR7.mp3,k,a,noise
10870407,Trials-Noise,th,1,THI_SNR7.mp3,th,i,noise
10870407,Trials-Noise,p,1,PA_SNR7_12.mp3,p,a,noise
10870407,Trials-Noise,th,1,THA_SNR7.mp3,th,a,noise
10870407,Trials-Noise,h,0,KU_SNR7.mp3,k,u,noise
10870407,Trials-Noise,th,0,TA_SNR7.mp3,t,a,noise
10870407,Trials-Noise,h,1,HA_SNR7.mp3,h,a,noise
10870407,Trials-Noise,th,0,PU_SNR7_12.mp3,p,u,noise
10870407,Trials-Noise,k,0,TA_SNR7.mp3,t,a,noise
10870407,Trials-Noise,th,0,KU_SNR7.mp3,k,u,noise
10870407,Trials-Noise,h,1,HA_SNR7.mp3,h,a,noise
10870407,Trials-Noise,th,1,THU_SNR7.mp3,th,u,noise
10870407,Trials-Noise,th,0,KI_SNR7.mp3,k,i,noise
10870407,Trials-Noise,k,0,THU_SNR7.mp3,th,u,noise
10870407,Trials-Noise,th,0,PU_SNR7_12.mp3,p,u,noise
10870407,Trials-Noise,th,1,THI_SNR7.mp3,th,i,noise
10870407,Trials-Noise,th,1,THA_SNR7.mp3,th,a,noise
10870407,Trials-Noise,th,1,THI_SNR7.mp3,th,i,noise
10870407,Trials-Noise,k,0,HI_SNR7.mp3,h,i,noise
10870407,Trials-Noise,k,1,KI_SNR7.mp3,k,i,noise
10870407,Trials-Noise,t,1,TU_SNR7.mp3,t,u,noise
10870407,Trials-Noise,th,0,TI_SNR7.mp3,t,i,noise
10870407,Trials-Noise,th,1,THU_SNR7.mp3,th,u,noise
10870407,Trials-Noise,t,1,TI_SNR7.mp3,t,i,noise
10870407,Trials-Noise,p,0,HI_SNR7.mp3,h,i,noise
10870407,Trials-Noise,th,0,PA_SNR7_12.mp3,p,a,noise
10870407,Trials-Noise,k,1,KI_SNR7.mp3,k,i,noise
10870407,Trials-Noise,h,1,HA_SNR7.mp3,h,a,noise
10870407,Trials-Noise,th,1,THA_SNR7.mp3,th,a,noise
10870407,Trials-Noise,h,1,HI_SNR7.mp3,h,i,noise
10870407,Trials-Noise,t,1,TI_SNR7.mp3,t,i,noise
10870407,Trials-Noise,k,1,KA_SNR7.mp3,k,a,noise
10881038,Trials-Clean,h,1,HU_clean.mp3,h,u,clean
10881038,Trials-Clean,h,1,HA_clean.mp3,h,a,clean
10881038,Trials-Clean,th,1,THI_clean.mp3,th,i,clean
10881038,Trials-Clean,h,1,HU_clean.mp3,h,u,clean
10881038,Trials-Clean,th,0,TA_clean.mp3,t,a,clean
10881038,Trials-Clean,t,1,TI_clean.mp3,t,i,clean
10881038,Trials-Clean,t,0,PI_clean_12.mp3,p,i,clean
10881038,Trials-Clean,k,1,KU_clean.mp3,k,u,clean
10881038,Trials-Clean,k,1,KU_clean.mp3,k,u,clean
10881038,Trials-Clean,th,1,THI_clean.mp3,th,i,clean
10881038,Trials-Clean,th,1,THA_clean.mp3,th,a,clean
10881038,Trials-Clean,th,0,PI_clean_12.mp3,p,i,clean
10881038,Trials-Clean,t,1,TI_clean.mp3,t,i,clean
10881038,Trials-Clean,k,1,KA_clean.mp3,k,a,clean
10881038,Trials-Clean,h,1,HA_clean.mp3,h,a,clean
10881038,Trials-Clean,p,1,PU_clean_12.mp3,p,u,clean
10881038,Trials-Clean,p,1,PA_clean_12.mp3,p,a,clean
10881038,Trials-Clean,th,1,THU_clean.mp3,th,u,clean
10881038,Trials-Clean,t,1,TI_clean.mp3,t,i,clean
10881038,Trials-Clean,p,1,PA_clean_12.mp3,p,a,clean
10881038,Trials-Clean,h,1,HA_clean.mp3,h,a,clean
10881038,Trials-Clean,h,1,HI_clean.mp3,h,i,clean
10881038,Trials-Clean,k,1,KI_clean.mp3,k,i,clean
10881038,Trials-Clean,th,1,THU_clean.mp3,th,u,clean
10881038,Trials-Clean,t,1,TU_clean.mp3,t,u,clean
10881038,Trials-Clean,th,0,TA_clean.mp3,t,a,clean
10881038,Trials-Clean,k,1,KI_clean.mp3,k,i,clean
10881038,Trials-Clean,p,1,PA_clean_12.mp3,p,a,clean
10881038,Trials-Clean,h,1,HU_clean.mp3,h,u,clean
10881038,Trials-Clean,th,1,THI_clean.mp3,th,i,clean
10881038,Trials-Clean,th,1,THA_clean.mp3,th,a,clean
10881038,Trials-Clean,p,1,PU_clean_12.mp3,p,u,clean
10881038,Trials-Clean,th,0,TA_clean.mp3,t,a,clean
10881038,Trials-Clean,t,1,TU_clean.mp3,t,u,clean
10881038,Trials-Clean,t,1,TU_clean.mp3,t,u,clean
10881038,Trials-Clean,k,1,KA_clean.mp3,k,a,clean
10881038,Trials-Clean,k,0,HI_clean.mp3,h,i,clean
10881038,Trials-Clean,p,1,PI_clean_12.mp3,p,i,clean
10881038,Trials-Clean,k,1,KU_clean.mp3,k,u,clean
10881038,Trials-Clean,th,1,THA_clean.mp3,th,a,clean
10881038,Trials-Clean,h,1,HI_clean.mp3,h,i,clean
10881038,Trials-Clean,k,1,KA_clean.mp3,k,a,clean
10881038,Trials-Clean,th,1,THU_clean.mp3,th,u,clean
10881038,Trials-Clean,p,1,PU_clean_12.mp3,p,u,clean
10881038,Trials-Clean,k,1,KI_clean.mp3,k,i,clean
10881038,Trials-Noise,p,0,HI_SNR7.mp3,h,i,noise
10881038,Trials-Noise,p,0,THI_SNR7.mp3,th,i,noise
10881038,Trials-Noise,k,0,HU_SNR7.mp3,h,u,noise
10881038,Trials-Noise,p,0,KU_SNR7.mp3,k,u,noise
10881038,Trials-Noise,t,0,THU_SNR7.mp3,th,u,noise
10881038,Trials-Noise,th,1,THA_SNR7.mp3,th,a,noise
10881038,Trials-Noise,th,0,KI_SNR7.mp3,k,i,noise
10881038,Trials-Noise,p,1,PU_SNR7_12.mp3,p,u,noise
10881038,Trials-Noise,t,0,PI_SNR7_12.mp3,p,i,noise
10881038,Trials-Noise,p,1,PA_SNR7_12.mp3,p,a,noise
10881038,Trials-Noise,p,0,KU_SNR7.mp3,k,u,noise
10881038,Trials-Noise,p,1,PA_SNR7_12.mp3,p,a,noise
10881038,Trials-Noise,p,0,TA_SNR7.mp3,t,a,noise
10881038,Trials-Noise,p,0,KU_SNR7.mp3,k,u,noise
10881038,Trials-Noise,k,0,TA_SNR7.mp3,t,a,noise
10881038,Trials-Noise,p,0,HA_SNR7.mp3,h,a,noise
10881038,Trials-Noise,th,1,THI_SNR7.mp3,th,i,noise
10881038,Trials-Noise,p,0,HU_SNR7.mp3,h,u,noise
10881038,Trials-Noise,t,1,TI_SNR7.mp3,t,i,noise
10881038,Trials-Noise,t,0,PI_SNR7_12.mp3,p,i,noise
10881038,Trials-Noise,p,1,PU_SNR7_12.mp3,p,u,noise
10881038,Trials-Noise,t,1,TI_SNR7.mp3,t,i,noise
10881038,Trials-Noise,p,0,TU_SNR7.mp3,t,u,noise
10881038,Trials-Noise,p,0,KI_SNR7.mp3,k,i,noise
10881038,Trials-Noise,th,0,TA_SNR7.mp3,t,a,noise
10881038,Trials-Noise,p,0,HA_SNR7.mp3,h,a,noise
10881038,Trials-Noise,p,0,HI_SNR7.mp3,h,i,noise
10881038,Trials-Noise,k,1,KA_SNR7.mp3,k,a,noise
10881038,Trials-Noise,p,0,THI_SNR7.mp3,th,i,noise
10881038,Trials-Noise,k,1,KI_SNR7.mp3,k,i,noise
10881038,Trials-Noise,th,1,THU_SNR7.mp3,th,u,noise
10881038,Trials-Noise,p,0,HU_SNR7.mp3,h,u,noise
10881038,Trials-Noise,th,0,HI_SNR7.mp3,h,i,noise
10881038,Trials-Noise,th,1,THA_SNR7.mp3,th,a,noise
10881038,Trials-Noise,k,0,PU_SNR7_12.mp3,p,u,noise
10881038,Trials-Noise,p,1,PI_SNR7_12.mp3,p,i,noise
10881038,Trials-Noise,t,1,TU_SNR7.mp3,t,u,noise
10881038,Trials-Noise,k,1,KA_SNR7.mp3,k,a,noise
10881038,Trials-Noise,th,0,PA_SNR7_12.mp3,p,a,noise
10881038,Trials-Noise,th,1,THA_SNR7.mp3,th,a,noise
10881038,Trials-Noise,k,1,KA_SNR7.mp3,k,a,noise
10881038,Trials-Noise,t,0,THU_SNR7.mp3,th,u,noise
10881038,Trials-Noise,t,1,TU_SNR7.mp3,t,u,noise
10881038,Trials-Noise,k,0,HA_SNR7.mp3,h,a,noise
10881038,Trials-Noise,t,1,TI_SNR7.mp3,t,i,noise